UserName,UserID,FullName,Email,Address,RoleID
John,john5632,John Bird,john.bird@forwardinc.com,510 Cozy Blossom Cove-Colorado-NC-28478,1
Bill,256bill,William Stephen,william.stephen@forwardinc.com,5834 Dusty Wagon Hill-Dixie-TX-79992,2
Ken,ken3487,Kenneth Robert,kenneth.robert@forwardinc.com,8756 Misty Jetty-Headquarters-NC-28142,3
Barbra,bra123,Barbra Stra,bra.barb@smmail.com,Evenu 1232,4